Order ID,Market,Pair,Total Quantity,Remaining Quantity,Price Per Unit,Avg Price,Fee Amount,Total Tds INR,Side,Order Type,Status,Exchange code,Created At,Updated At
56d89558-9506-11f0-8ad2-c31c46f3a313,ADAINR,I-ADA_INR,436.11,313.633501,84.1,84.1,60.77161403881,102.3950195186119,sell,limit_order,partially_cancelled,I,2025-09-19 03:11:30 UTC,2025-10-04 10:09:52 UTC
20383b38-60a0-11f0-bdb5-f7543fac87cb,VIRTUALINR,I-VIRTUAL_INR,603.12,0.0,161.0,161.0,485.5116,966.168084,sell,limit_order,filled,I,2025-07-14 10:48:50 UTC,2025-07-17 08:11:49 UTC
dae01cc8-5fb3-11f0-a7dd-13b7e3403c84,HBARINR,I-HBAR_INR,4763.0,0.0,19.5,19.5,464.3925,924.141075,sell,limit_order,filled,I,2025-07-13 06:37:32 UTC,2025-07-13 06:52:42 UTC
5fed0c62-5e85-11f0-abab-ffda770b017d,HBARINR,I-HBAR_INR,4763.0,0.0,17.58,17.58,418.6677,0.0,buy,limit_order,filled,I,2025-07-11 18:32:18 UTC,2025-07-11 18:40:02 UTC
319dd91a-5e47-11f0-a143-331e6b64cc51,XLMINR,I-XLM_INR,2782.0,0.0,27.5,27.5,382.525,761.22475,sell,limit_order,filled,I,2025-07-11 11:07:11 UTC,2025-07-11 11:08:59 UTC
6d3edfb0-53c9-11f0-a8b1-e391fb75a5c0,BTTCUSDT,I-BTTC_USDT,0.34963184522,0.0,0.0000006173635085,0.0000006173635085,0.0,0.0000001921065,sell,limit_order,filled,I,2025-06-28 02:41:43 UTC,2025-06-28 02:41:43 UTC
bae26f78-50ec-11f0-8c27-6f7e0b75549d,1000SATSUSDT,I-1000SATS_USDT,0.00932273348371,0.0,0.00003880328214,0.00003880328214,0.0,0.00000031834264,sell,limit_order,filled,I,2025-06-24 11:16:52 UTC,2025-06-24 11:16:52 UTC
886430c6-3789-11f0-8e66-d7ef5aa9eb00,XLMINR,I-XLM_INR,2704.0,0.0,25.79,25.79,411.443344,0.0,buy,limit_order,filled,I,2025-05-23 03:53:48 UTC,2025-05-23 06:55:11 UTC
5b80c8a4-36f7-11f0-a549-f386934ebae5,ETHINR,I-ETH_INR,0.3086,0.0,231000.0,231000.0,420.59094,708.6600906,sell,limit_order,filled,I,2025-05-22 10:27:26 UTC,2025-05-23 02:20:32 UTC
03b8b1de-3668-11f0-84c6-c342df4e66da,ONDOINR,I-ONDO_INR,846.9,0.0,84.0,84.0,419.72364,707.1987636,sell,limit_order,filled,I,2025-05-21 17:21:21 UTC,2025-05-21 23:26:10 UTC
e552d508-35fe-11f0-a916-636640dd7a5c,ONDOINR,I-ONDO_INR,847.0,846.95203,83.18,83.18,0.02354185314,0.0396660274686,sell,limit_order,partially_cancelled,I,2025-05-21 04:48:53 UTC,2025-05-21 04:58:06 UTC
645b75f8-d4f2-11ef-9161-f7213833c630,DOGEINR,I-DOGE_INR,7449.0,0.0,38.7716,38.77159279001582,1703.9766086876852,0.0,buy,limit_order,filled,I,2025-01-17 16:45:00 UTC,2025-01-17 16:45:19 UTC
575da7a4-d4ed-11ef-8fa6-1ff4be424219,COTIINR,I-COTI_INR,24195.9,0.0,12.2,12.2,1741.620882,2934.48359118,sell,limit_order,filled,I,2025-01-17 16:08:50 UTC,2025-01-17 16:31:56 UTC
a4a83912-d4bf-11ef-903e-27224e6266a4,COTIINR,I-COTI_INR,20902.8,0.0,11.89,11.89,1466.3523228,0.0,buy,limit_order,filled,I,2025-01-17 10:41:43 UTC,2025-01-17 10:43:41 UTC
c430a0f4-d4be-11ef-b721-6ba415e02bf1,COTIINR,I-COTI_INR,24572.4,23613.461243,11.7,11.7,66.19554239571,0.0,buy,limit_order,partially_cancelled,I,2025-01-17 10:35:27 UTC,2025-01-17 10:37:35 UTC
a986131a-d4be-11ef-9995-2b7473a6644a,DOGEINR,I-DOGE_INR,7738.0,0.0,38.4395,37.97470386404755,1733.70472515,2921.1455377485,sell,market_order,filled,I,2025-01-17 10:34:42 UTC,2025-01-17 10:34:43 UTC
ec0e40f0-d4a4-11ef-99b2-33f11a4e3b5a,ACAUSDT,B-ACA_USDT,6326.11,0.0,0.0959,0.0959,1.213347898,555.539978482399468539,sell,limit_order,filled,B,2025-01-17 07:30:27 UTC,2025-01-17 07:31:16 UTC
c6d07bfc-d3da-11ef-b2b9-bfdffc791694,HBARINR,I-HBAR_INR,1992.0,0.0,31.76,31.76,373.268928,628.92651072,sell,limit_order,filled,I,2025-01-16 07:23:26 UTC,2025-01-16 12:11:42 UTC
154f7874-c8f9-11ef-a95c-ef679b5fb4b4,GALAINR,I-GALA_INR,14447.0,0.0,4.0,4.0,115.576,576.72424,sell,limit_order,filled,I,2025-01-02 11:02:40 UTC,2025-01-03 15:54:31 UTC
fbd9ede8-b818-11ef-bd52-53917a7276f3,ONDOINR,I-ONDO_INR,855.8283,0.0,165.0,165.0,282.423339,1409.29246161,sell,limit_order,filled,I,2024-12-11 23:38:11 UTC,2024-12-12 02:41:14 UTC
de48126a-b7d1-11ef-9fb6-2bde26555a48,ONDOINR,I-ONDO_INR,1723.3913,855.828307,163.0107,163.0107,282.8441015660502,1411.392066814590498,sell,limit_order,partially_cancelled,I,2024-12-11 15:09:07 UTC,2024-12-11 23:37:52 UTC
84fe6eb6-b7e0-11ef-bd1f-77a50866a3dd,ADAINR,I-ADA_INR,1426.0,0.0,97.73,97.73,278.72596,0.0,buy,limit_order,filled,I,2024-12-11 16:54:00 UTC,2024-12-11 17:37:09 UTC
45f9bdda-b1f8-11ef-98c6-cf8f1ba2756b,ONDOUSDT,KC-ONDO_USDT,1723.3913,0.0,1.85812,1.86026130443734,6.411916295588,2747.8267284742374,buy,market_order,filled,KC,2024-12-04 04:28:55 UTC,2024-12-04 04:28:56 UTC
9d422298-b1f4-11ef-9135-07b2936769cf,ACAUSDT,B-ACA_USDT,31195.17,0.0,0.1067,0.10632645797408,6.633743864,2843.583841913731994728,sell,market_order,filled,B,2024-12-04 04:02:44 UTC,2024-12-04 04:02:45 UTC
573413a6-b122-11ef-9f67-4336e1b923e5,ADAINR,I-ADA_INR,2457.0,0.0,109.87,109.87,539.90118,2694.1068882,sell,limit_order,filled,I,2024-12-03 02:57:32 UTC,2024-12-03 03:20:56 UTC
1bf699d4-abab-11ef-9570-4fbdd12cbbd3,AKTINR,I-AKT_INR,327.58,0.0,360.0,360.0,589.644,1173.39156,sell,limit_order,filled,I,2024-11-26 04:01:26 UTC,2024-11-26 09:19:56 UTC
73f1746e-a99f-11ef-b372-abcae43ef3da,AKTINR,I-AKT_INR,327.5862,0.0,344.153,344.153,563.698867443,0.0,buy,limit_order,filled,I,2024-11-23 13:32:58 UTC,2024-11-23 13:36:46 UTC
3d3d7514-a99d-11ef-9ce5-af765850f433,TONINR,I-TON_INR,230.97,0.0,498.0,498.0,575.1153,1144.479447,sell,limit_order,filled,I,2024-11-23 13:17:07 UTC,2024-11-23 13:28:35 UTC
b64405de-a80a-11ef-ae90-8b1c0b3cceb6,TONINR,I-TON_INR,230.9769,0.0,484.4,484.4,559.4260518,0.0,buy,limit_order,filled,I,2024-11-21 13:15:43 UTC,2024-11-21 13:16:36 UTC
d1ac3a0a-a808-11ef-870e-c3decee701fd,ETHINR,I-ETH_INR,0.4005,0.0,285020.0,285020.0,570.75255,1135.7975745,sell,limit_order,filled,I,2024-11-21 13:02:10 UTC,2024-11-21 13:11:40 UTC
41f0a9ea-a6e2-11ef-a5bf-cb5c9eb7c019,GOATINR,I-GOAT_INR,1195.3,0.0,100.901,100.901,603.0348265,1200.039304735,sell,limit_order,filled,I,2024-11-20 01:53:37 UTC,2024-11-20 01:55:13 UTC
8b66fb82-a585-11ef-9fe8-f72b7efff020,GOATINR,I-GOAT_INR,468.75,0.0,96.0,96.0,265.5,0.0,buy,limit_order,filled,I,2024-11-18 08:17:25 UTC,2024-11-18 08:30:30 UTC
1598c2a6-a4a3-11ef-9be6-e38117c096aa,ENAINR,I-ENA_INR,1120.58,730.76,49.49,49.49,113.82393162,0.0,buy,limit_order,partially_cancelled,I,2024-11-17 05:16:22 UTC,2024-11-17 05:50:44 UTC
704f98b2-df93-11ee-a2c6-8bab2c1ee659,SCINR,I-SC_INR,44527.0,0.0,1.026,1.026,228.42351,0.0,buy,limit_order,filled,I,2024-03-11 10:38:03 UTC,2024-03-11 11:00:43 UTC
ab6de8c0-df7c-11ee-a708-1b9c34a0ee44,MANTAINR,I-MANTA_INR,81.6,0.0,318.8999,318.8999,130.1111592,258.921206808,sell,limit_order,filled,I,2024-03-11 07:55:04 UTC,2024-03-11 09:54:10 UTC
0150d72c-deb8-11ee-b92b-1f4ae1adfab7,GALAINR,I-GALA_INR,3268.0,0.0,6.3,6.3,102.942,204.85458,sell,limit_order,filled,I,2024-03-10 08:27:17 UTC,2024-03-10 08:33:15 UTC
9235b35a-dd6b-11ee-bbf2-77dc4e4396f6,SHIBINR,I-SHIB_INR,8459421.0,0.0,0.00304,0.00304,128.5831992,255.880566408,sell,limit_order,filled,I,2024-03-08 16:47:37 UTC,2024-03-08 16:57:34 UTC
4646626e-dc53-11ee-9fa7-b322f8073b5a,PIXELINR,I-PIXEL_INR,444.8,0.0,52.999,52.999,117.869776,234.56085424,sell,limit_order,filled,I,2024-03-07 07:21:11 UTC,2024-03-07 07:29:22 UTC
63fc7744-17dc-11ee-8bb4-efc2971ccd49,XRPINR,I-XRP_INR,733.0,649.0,40.68,40.68,17.0856,0.0,buy,limit_order,partially_cancelled,I,2023-07-01 06:56:23 UTC,2023-07-01 09:01:31 UTC
